ResourceID,title,filename,thumbnail,year,source
a0a0a0a0-0000-0100-0001-000000000000,Paiute Rocks Panel 1 detail facing 220 southwest NRAF 2010 photo,PR_Panel-1 detail_facing 220 southwest_NRAF 2010 photo.jpg,PR_Panel-1 detail_facing 220 southwest_NRAF 2010 photo_thumb.jpg,2010,Nevada Rock Art Foundation
a0a0a0a0-0000-0100-0002-000000000000,Paiute Rocks Panel 1A NRAF 2005 drawing,PR_Panel-1A_NRAF 2005 drawing.jpg,PR_Panel-1A_NRAF 2005 drawing_thumb.jpg,2005,Nevada Rock Art Foundation
a0a0a0a0-0000-0100-0003-000000000000,Paiute Rocks Panel 1C NRAF 2005 drawing,PR_Panel-1C_NRAF 2005 drawing.jpg,PR_Panel-1C_NRAF 2005 drawing_thumb.jpg,2005,Nevada Rock Art Foundation
a0a0a0a0-0000-0100-0004-000000000000,Paiute Rocks Panel 1 facing 220 southwest NRAF 2010 photo,PR_Panel-1_facing 220 southwest_NRAF 2010 photo.jpg,PR_Panel-1_facing 220 southwest_NRAF 2010 photo_thumb.jpg,2010,Nevada Rock Art Foundation
a0a0a0a0-0000-0100-0005-000000000000,Paiute Rocks Panel 1 NRAF 2005 photo,PR_Panel-1_NRAF 2005 photo.jpg,PR_Panel-1_NRAF 2005 photo_thumb.jpg,2005,Nevada Rock Art Foundation
a0a0a0a0-0000-0100-0006-000000000000,Paiute Rocks Panel 1B NRAF 2005 drawing,PR_Panel-1B_NRAF 2005 drawing.jpg,PR_Panel-1B_NRAF 2005 drawing_thumb.jpg,2005,Nevada Rock Art Foundation
a0a0a0a0-0000-1200-0001-000000000000,Paiute Rocks Panel 12 bottom left NRAF 2005 drawing,PR_Panel-12 bottom left_NRAF 2005 drawing.jpg,PR_Panel-12 bottom left_NRAF 2005 drawing_thumb.jpg,2005,Nevada Rock Art Foundation
a0a0a0a0-0000-1200-0002-000000000000,Paiute Rocks Panel 12 NRAF 2005 drawing,PR_Panel-12_NRAF 2005 drawing.jpg,PR_Panel-12_NRAF 2005 drawing_thumb.jpg,2005,Nevada Rock Art Foundation
a0a0a0a0-0000-1200-0003-000000000000,Paiute Rocks Panel 12 graffiti detail facing 140 southeast NRAF 2010 additonal photo,PR_Panel-12 graffiti detail_facing 140 southeast_NRAF 2010 additonal photo.jpg,PR_Panel-12 graffiti detail_facing 140 southeast_NRAF 2010 additonal photo_thumb.jpg,2010,Nevada Rock Art Foundation
a0a0a0a0-0000-1200-0004-000000000000,Paiute Rocks Panel 12 graffiti detail facing 140 southeast NRAF 2010 photo,PR_Panel-12 graffiti detail_facing 140 southeast_NRAF 2010 photo.jpg,PR_Panel-12 graffiti detail_facing 140 southeast_NRAF 2010 photo_thumb.jpg,2010,Nevada Rock Art Foundation
a0a0a0a0-0000-1200-0005-000000000000,Paiute Rocks Panel 12 right side NRAF 2005 drawing,PR_Panel-12 right side_NRAF 2005 drawing.jpg,PR_Panel-12 right side_NRAF 2005 drawing_thumb.jpg,2005,Nevada Rock Art Foundation
a0a0a0a0-0000-1200-0006-000000000000,Paiute Rocks Panel 12 scratched graffiti detail facing 140 southeast NRAF  2010 photo,PR_Panel-12 scratched graffiti detail_facing 140 southeast_NRAF  2010 photo.jpg,PR_Panel-12 scratched graffiti detail_facing 140 southeast_NRAF  2010 photo_thumb.jpg,2010,Nevada Rock Art Foundation
a0a0a0a0-0000-1200-0007-000000000000,Paiute Rocks Panel 12 top NRAF 2005 drawing,PR_Panel-12 top_NRAF 2005 drawing.jpg,PR_Panel-12 top_NRAF 2005 drawing_thumb.jpg,2005,Nevada Rock Art Foundation
a0a0a0a0-0000-1200-0008-000000000000,Paiute Rocks Panel 12 facing 140 southeast NRAF 2010 photo,PR_Panel-12_facing 140 southeast_NRAF 2010 photo.jpg,PR_Panel-12_facing 140 southeast_NRAF 2010 photo_thumb.jpg,2010,Nevada Rock Art Foundation
a0a0a0a0-0000-1200-0009-000000000000,Paiute Rocks Panel 12 NRAF 2005 photo,PR_Panel-12_NRAF 2005 photo.jpg,PR_Panel-12_NRAF 2005 photo_thumb.jpg,2005,Nevada Rock Art Foundation
a0a0a0a0-0000-1200-0010-000000000000,Paiute Rocks Panel 12 bottom right NRAF 2005 drawing,PR_Panel-12 bottom right_NRAF 2005 drawing.jpg,PR_Panel-12 bottom right_NRAF 2005 drawing_thumb.jpg,2005,Nevada Rock Art Foundation
a0a0a0a0-0000-1300-0001-000000000000,Paiute Rocks Panel 13A left top NRAF 2005 drawing,PR_Panel-13A left top_NRAF 2005 drawing.jpg,PR_Panel-13A left top_NRAF 2005 drawing_thumb.jpg,2005,Nevada Rock Art Foundation
a0a0a0a0-0000-1300-0002-000000000000,Paiute Rocks Panel 13 bottom left NRAF 2005 drawing,PR_Panel-13 bottom left_NRAF 2005 drawing.jpg,PR_Panel-13 bottom left_NRAF 2005 drawing_thumb.jpg,2005,Nevada Rock Art Foundation
a0a0a0a0-0000-1300-0003-000000000000,Paiute Rocks Panel 13 left NRAF 2005 photo,PR_Panel-13 left_NRAF 2005 photo.jpg,PR_Panel-13 left_NRAF 2005 photo_thumb.jpg,2005,Nevada Rock Art Foundation
a0a0a0a0-0000-1300-0004-000000000000,Paiute Rocks Panel 13 right NRAF 2005 photo,PR_Panel-13 right_NRAF 2005 photo.jpg,PR_Panel-13 right_NRAF 2005 photo_thumb.jpg,2005,Nevada Rock Art Foundation
a0a0a0a0-0000-1300-0005-000000000000,Paiute Rocks Panel 13 top right NRAF 2005 drawing,PR_Panel-13 top right_NRAF 2005 drawing.jpg,PR_Panel-13 top right_NRAF 2005 drawing_thumb.jpg,2005,Nevada Rock Art Foundation
a0a0a0a0-0000-1300-0006-000000000000,Paiute Rocks Panel 13B bottom middle NRAF 2005 drawings,PR_Panel-13B bottom middle_NRAF 2005 drawings.jpg,PR_Panel-13B bottom middle_NRAF 2005 drawings_thumb.jpg,2005,Nevada Rock Art Foundation
a0a0a0a0-0000-1300-0007-000000000000,Paiute Rocks Panel 13 facing 140 southeast NRAF 2010 photo,PR_Panel-13_facing 140 southeast_NRAF 2010 photo.jpg,PR_Panel-13_facing 140 southeast_NRAF 2010 photo_thumb.jpg,2010,Nevada Rock Art Foundation
a0a0a0a0-0000-1300-0008-000000000000,Paiute Rocks Panel 13 NRAF 2005 drawing,PR_Panel-13_NRAF 2005 drawing.jpg,PR_Panel-13_NRAF 2005 drawing_thumb.jpg,2005,Nevada Rock Art Foundation
a0a0a0a0-0000-1300-0009-000000000000,Paiute Rocks Panel 13 NRAF 2005 photo,PR_Panel-13_NRAF 2005 photo.jpg,PR_Panel-13_NRAF 2005 photo_thumb.jpg,2005,Nevada Rock Art Foundation
a0a0a0a0-0000-1300-0010-000000000000,Paiute Rocks Panel 13C bottom left NRAF 2005 drawing,PR_Panel-13C bottom left_NRAF 2005 drawing.jpg,PR_Panel-13C bottom left_NRAF 2005 drawing_thumb.jpg,2005,Nevada Rock Art Foundation
a0a0a0a0-0000-1300-0011-000000000000,Paiute Rocks Panel 13C NRAF 2005 drawing,PR_Panel-13C_NRAF 2005 drawing.jpg,PR_Panel-13C_NRAF 2005 drawing_thumb.jpg,2005,Nevada Rock Art Foundation
a0a0a0a0-0000-1800-0001-000000000000,Paiute Rocks Panel 18 NRAF 2005 drawing,PR_Panel-18_NRAF 2005 drawing.jpg,PR_Panel-18_NRAF 2005 drawing_thumb.jpg,2005,Nevada Rock Art Foundation
a0a0a0a0-0000-1800-0002-000000000000,Paiute Rocks Panel 18 NRAF 2005 photo,PR_Panel-18_NRAF 2005 photo.jpg,PR_Panel-18_NRAF 2005 photo_thumb.jpg,2005,Nevada Rock Art Foundation
a0a0a0a0-0000-1900-0001-000000000000,Paiute Rocks Panel 19A NRAF 2005 drawing,PR_Panel-19A_NRAF 2005 drawing.jpg,PR_Panel-19A_NRAF 2005 drawing_thumb.jpg,2005,Nevada Rock Art Foundation
a0a0a0a0-0000-1900-0002-000000000000,Paiute Rocks Panel 19 detail facing 310 northwest NRAF 2010 photo,PR_Panel-19 detail_facing 310 northwest_NRAF 2010 photo.jpg,PR_Panel-19 detail_facing 310 northwest_NRAF 2010 photo_thumb.jpg,2010,Nevada Rock Art Foundation
a0a0a0a0-0000-1900-0003-000000000000,Paiute Rocks Panel 19 Sec. B NRAF 2005 drawing,PR_Panel-19 Sec. B_NRAF 2005 drawing.jpg,PR_Panel-19 Sec. B_NRAF 2005 drawing_thumb.jpg,2005,Nevada Rock Art Foundation
a0a0a0a0-0000-1900-0004-000000000000,Paiute Rocks Panel 19 Sec. C  NRAF 2005 drawing,PR_Panel-19 Sec. C _NRAF 2005 drawing.jpg,PR_Panel-19 Sec. C _NRAF 2005 drawing_thumb.jpg,2005,Nevada Rock Art Foundation
a0a0a0a0-0000-1900-0005-000000000000,Paiute Rocks Panel 19 facing 310 northwest NRAF 2010 photo,PR_Panel-19_facing 310 northwest_NRAF 2010 photo.jpg,PR_Panel-19_facing 310 northwest_NRAF 2010 photo_thumb.jpg,2010,Nevada Rock Art Foundation
a0a0a0a0-0000-1900-0006-000000000000,Paiute Rocks Panel 19 NRAF 2005 photo,PR_Panel-19_NRAF 2005 photo.jpg,PR_Panel-19_NRAF 2005 photo_thumb.jpg,2005,Nevada Rock Art Foundation
a0a0a0a0-0000-2100-0001-000000000000,Paiute Rocks Panel 21 NRAF 2005 photo,PR_Panel-21_NRAF 2005 photo.jpg,PR_Panel-21_NRAF 2005 photo_thumb.jpg,2005,Nevada Rock Art Foundation
a0a0a0a0-0000-2100-0002-000000000000,Paiute Rocks Panel 21 NRAF 2005 drawing,PR_Panel-21_NRAF 2005 drawing.jpg,PR_Panel-21_NRAF 2005 drawing_thumb.jpg,2005,Nevada Rock Art Foundation
a0a0a0a0-0000-2200-0001-000000000000,Paiute Rocks Panel 22 NRAF photo 2005,PR_Panel-22 NRAF photo 2005.jpg,PR_Panel-22 NRAF photo 2005_thumb.jpg,2005,Nevada Rock Art Foundation
a0a0a0a0-0000-2200-0002-000000000000,Paiute Rocks Panel 22 NRAF 2005 drawing,PR_Panel-22_NRAF 2005 drawing.jpg,PR_Panel-22_NRAF 2005 drawing_thumb.jpg,2005,Nevada Rock Art Foundation
a0a0a0a0-0000-2300-0001-000000000000,Paiute Rocks Panel 23 facing 120 southest NRAF 2010 photo,PR_Panel-23 facing 120 southest_NRAF 2010 photo.jpg,PR_Panel-23 facing 120 southest_NRAF 2010 photo_thumb.jpg,2010,Nevada Rock Art Foundation
a0a0a0a0-0000-2300-0002-000000000000,Paiute Rocks Panel 23A detail facing 120 southest NRAF 2010 photo,PR_Panel-23A detail facing 120 southest_NRAF 2010 photo.jpg,PR_Panel-23A detail facing 120 southest_NRAF 2010 photo_thumb.jpg,2010,Nevada Rock Art Foundation
a0a0a0a0-0000-2300-0003-000000000000,Paiute Rocks Panel 23A scratch detail facing 120 southest NRAF 2010 photo,PR_Panel-23A scratch detail_facing 120 southest_NRAF 2010 photo.jpg,PR_Panel-23A scratch detail_facing 120 southest_NRAF 2010 photo_thumb.jpg,2010,Nevada Rock Art Foundation
a0a0a0a0-0000-2300-0004-000000000000,Paiute Rocks Panel 23A NRAF 2005 drawing,PR_Panel-23A_NRAF 2005 drawing.jpg,PR_Panel-23A_NRAF 2005 drawing_thumb.jpg,2005,Nevada Rock Art Foundation
a0a0a0a0-0000-2300-0005-000000000000,Paiute Rocks Panel 23B NRAF 2005 drawing,PR_Panel-23B_NRAF 2005 drawing.jpg,PR_Panel-23B_NRAF 2005 drawing_thumb.jpg,2005,Nevada Rock Art Foundation
a0a0a0a0-0000-2300-0006-000000000000,Paiute Rocks Panel 23 NRAF 2005 photo,PR_Panel-23_NRAF 2005 photo.jpg,PR_Panel-23_NRAF 2005 photo_thumb.jpg,2005,Nevada Rock Art Foundation
a0a0a0a0-0000-2700-0001-000000000000,Paiute Rocks Panel 27 NRAF 2005 drawing,PR_Panel-27_NRAF 2005 drawing.jpg,PR_Panel-27_NRAF 2005 drawing_thumb.jpg,2005,Nevada Rock Art Foundation
a0a0a0a0-0000-2700-0002-000000000000,Paiute Rocks Panel 27 NRAF 2005 photo,PR_Panel-27_NRAF 2005 photo.jpg,PR_Panel-27_NRAF 2005 photo_thumb.jpg,2005,Nevada Rock Art Foundation
a0a0a0a0-0000-3100-0001-000000000000,Paiute Rocks Panel 31 1 NRAF 2005 photo,PR_Panel-31-1_NRAF 2005 photo.jpg,PR_Panel-31-1_NRAF 2005 photo_thumb.jpg,2005,Nevada Rock Art Foundation
a0a0a0a0-0000-3100-0002-000000000000,Paiute Rocks Panel 31 2 NRAF 2005 drawing,PR_Panel-31-2_NRAF 2005 drawing.jpg,PR_Panel-31-2_NRAF 2005 drawing_thumb.jpg,2005,Nevada Rock Art Foundation
a0a0a0a0-0000-3100-0003-000000000000,Paiute Rocks Panel 31 2 NRAF 2005 photo,PR_Panel-31-2_NRAF 2005 photo.jpg,PR_Panel-31-2_NRAF 2005 photo_thumb.jpg,2005,Nevada Rock Art Foundation
a0a0a0a0-0000-3100-0004-000000000000,Paiute Rocks Panel 31A&B facing 180 south NRAF 2010 photo,PR_Panel-31A&B_facing 180 south_NRAF 2010 photo.jpg,PR_Panel-31A&B_facing 180 south_NRAF 2010 photo_thumb.jpg,2010,Nevada Rock Art Foundation
a0a0a0a0-0000-3100-0005-000000000000,Paiute Rocks Panel 31B left NRAF 2005 drawing,PR_Panel-31B left_NRAF 2005 drawing.jpg,PR_Panel-31B left_NRAF 2005 drawing_thumb.jpg,2005,Nevada Rock Art Foundation
a0a0a0a0-0000-3100-0006-000000000000,Paiute Rocks Panel 31B right NRAF 2005 drawing,PR_Panel-31B right_NRAF 2005 drawing.jpg,PR_Panel-31B right_NRAF 2005 drawing_thumb.jpg,2005,Nevada Rock Art Foundation
a0a0a0a0-0000-3100-0007-000000000000,Paiute Rocks Panel 31 NRAF 2005 photo,PR_Panel-31_NRAF 2005 photo.jpg,PR_Panel-31_NRAF 2005 photo_thumb.jpg,2005,Nevada Rock Art Foundation
a0a0a0a0-0000-3100-0008-000000000000,Paiute Rocks Panel 31A&B NRAF 2005 drawing,PR_Panel-31A&B_NRAF 2005 drawing.jpg,PR_Panel-31A&B_NRAF 2005 drawing_thumb.jpg,2005,Nevada Rock Art Foundation
a0a0a0a0-0000-4300-0001-000000000000,Paiute Rocks Panel 43 1 NRAF 2005 photo,PR_Panel-43-1_NRAF 2005 photo.jpg,PR_Panel-43-1_NRAF 2005 photo_thumb.jpg,2005,Nevada Rock Art Foundation
a0a0a0a0-0000-4300-0002-000000000000,Paiute Rocks Panel 43 NRAF 2005 drawing,PR_Panel-43_NRAF 2005 drawing.jpg,PR_Panel-43_NRAF 2005 drawing_thumb.jpg,2005,Nevada Rock Art Foundation
a0a0a0a0-0000-4300-0003-000000000000,Paiute Rocks Panel 43 NRAF 2005 photo,PR_Panel-43_NRAF 2005 photo.jpg,PR_Panel-43_NRAF 2005 photo_thumb.jpg,2005,Nevada Rock Art Foundation
a0a0a0a0-0000-4400-0001-000000000000,Paiute Rocks Panel 44 NRAF 2005 drawing,PR_Panel-44_NRAF 2005 drawing.jpg,PR_Panel-44_NRAF 2005 drawing_thumb.jpg,2005,Nevada Rock Art Foundation
a0a0a0a0-0000-4400-0002-000000000000,Paiute Rocks Panel 44 NRAF 2005 photo,PR_Panel-44_NRAF 2005 photo.jpg,PR_Panel-44_NRAF 2005 photo_thumb.jpg,2005,Nevada Rock Art Foundation
a0a0a0a0-0000-4500-0001-000000000000,Paiute Rocks Panel 45A  NRAF 2005 drawing,PR_Panel-45A _NRAF 2005 drawing.jpg,PR_Panel-45A _NRAF 2005 drawing_thumb.jpg,2005,Nevada Rock Art Foundation
a0a0a0a0-0000-4500-0002-000000000000,Paiute Rocks Panel 45B NRAF 2005 photo,PR_Panel-45B NRAF 2005 photo.jpg,PR_Panel-45B NRAF 2005 photo_thumb.jpg,2005,Nevada Rock Art Foundation
a0a0a0a0-0000-4500-0003-000000000000,Paiute Rocks Panel 45B NRAF 2005 drawing,PR_Panel-45B_NRAF 2005 drawing.jpg,PR_Panel-45B_NRAF 2005 drawing_thumb.jpg,2005,Nevada Rock Art Foundation
a0a0a0a0-0000-4500-0004-000000000000,Paiute Rocks Panel 45C NRAF 2005 drawing,PR_Panel-45C_NRAF 2005 drawing.jpg,PR_Panel-45C_NRAF 2005 drawing_thumb.jpg,2005,Nevada Rock Art Foundation
a0a0a0a0-0000-4500-0005-000000000000,Paiute Rocks Panel 45C NRAF 2005 photo,PR_Panel-45C_NRAF 2005 photo.jpg,PR_Panel-45C_NRAF 2005 photo_thumb.jpg,2005,Nevada Rock Art Foundation
a0a0a0a0-0000-4500-0006-000000000000,Paiute Rocks Panel 45D NRAF 2005 photo,PR_Panel-45D NRAF 2005 photo.jpg,PR_Panel-45D NRAF 2005 photo_thumb.jpg,2005,Nevada Rock Art Foundation
a0a0a0a0-0000-4500-0007-000000000000,Paiute Rocks Panel 45D NRAF 2005 drawing,PR_Panel-45D_NRAF 2005 drawing.jpg,PR_Panel-45D_NRAF 2005 drawing_thumb.jpg,2005,Nevada Rock Art Foundation
a0a0a0a0-0000-4500-0008-000000000000,Paiute Rocks Panel 45E NRAF 2005 drawing,PR_Panel-45E_NRAF 2005 drawing.jpg,PR_Panel-45E_NRAF 2005 drawing_thumb.jpg,2005,Nevada Rock Art Foundation
a0a0a0a0-0000-4500-0009-000000000000,Paiute Rocks Panel 45E NRAF 2005 photo,PR_Panel-45E_NRAF 2005 photo.jpg,PR_Panel-45E_NRAF 2005 photo_thumb.jpg,2005,Nevada Rock Art Foundation
a0a0a0a0-0000-4500-0010-000000000000,Paiute Rocks Panel 4A NRAF 2005 drawing,PR_Panel-4A_NRAF 2005 drawing.jpg,PR_Panel-4A_NRAF 2005 drawing_thumb.jpg,2005,Nevada Rock Art Foundation
a0a0a0a0-0000-4600-0001-000000000000,Paiute Rocks Panel 46 NRAF 2005 drawing,PR_Panel-46_NRAF 2005 drawing.jpg,PR_Panel-46_NRAF 2005 drawing_thumb.jpg,2005,Nevada Rock Art Foundation
a0a0a0a0-0000-4600-0002-000000000000,Paiute Rocks Panel 46 NRAF 2005 photo,PR_Panel-46_NRAF 2005 photo.jpg,PR_Panel-46_NRAF 2005 photo_thumb.jpg,2005,Nevada Rock Art Foundation
a0a0a0a0-0000-4700-0001-000000000000,Paiute Rocks Panel 47A NRAF 2005 drawing,PR_Panel-47A_NRAF 2005 drawing.jpg,PR_Panel-47A_NRAF 2005 drawing_thumb.jpg,2005,Nevada Rock Art Foundation
a0a0a0a0-0000-4700-0002-000000000000,Paiute Rocks Panel 47A NRAF 2005 photo,PR_Panel-47A_NRAF 2005 photo.jpg,PR_Panel-47A_NRAF 2005 photo_thumb.jpg,2005,Nevada Rock Art Foundation
a0a0a0a0-0000-4700-0003-000000000000,Paiute Rocks Panel 47B NRAF 2005 drawing,PR_Panel-47B_NRAF 2005 drawing.jpg,PR_Panel-47B_NRAF 2005 drawing_thumb.jpg,2005,Nevada Rock Art Foundation
a0a0a0a0-0000-4700-0004-000000000000,Paiute Rocks Panel 47B NRAF 2005 photo,PR_Panel-47B_NRAF 2005 photo.jpg,PR_Panel-47B_NRAF 2005 photo_thumb.jpg,2005,Nevada Rock Art Foundation
a0a0a0a0-0000-4800-0001-000000000000,Paiute Rocks Panel 48 NRAF 2005 drawing,PR_Panel-48_NRAF 2005 drawing.jpg,PR_Panel-48_NRAF 2005 drawing_thumb.jpg,2005,Nevada Rock Art Foundation
a0a0a0a0-0000-4800-0002-000000000000,Paiute Rocks Panel 48 NRAF 2005 photo,PR_Panel-48_NRAF 2005 photo.jpg,PR_Panel-48_NRAF 2005 photo_thumb.jpg,2005,Nevada Rock Art Foundation
a0a0a0a0-0000-4900-0001-000000000000,Paiute Rocks Panel 49 NRAF 2005 drawing,PR_Panel-49_NRAF 2005 drawing.jpg,PR_Panel-49_NRAF 2005 drawing_thumb.jpg,2005,Nevada Rock Art Foundation
a0a0a0a0-0000-4900-0002-000000000000,Paiute Rocks Panel 49 NRAF 2005 photo,PR_Panel-49_NRAF 2005 photo.jpg,PR_Panel-49_NRAF 2005 photo_thumb.jpg,2005,Nevada Rock Art Foundation
a0a0a0a0-0000-5000-0001-000000000000,Paiute Rocks Panel 50 NRAF 2005 drawing,PR_Panel-50_NRAF 2005 drawing.jpg,PR_Panel-50_NRAF 2005 drawing_thumb.jpg,2005,Nevada Rock Art Foundation
a0a0a0a0-0000-5000-0002-000000000000,Paiute Rocks Panel 50 NRAF 2005 photo,PR_Panel-50_NRAF 2005 photo.jpg,PR_Panel-50_NRAF 2005 photo_thumb.jpg,2005,Nevada Rock Art Foundation
a0a0a0a0-0000-5100-0001-000000000000,Paiute Rocks Panel 51A NRAF 2005 drawing,PR_Panel-51A_NRAF 2005 drawing.jpg,PR_Panel-51A_NRAF 2005 drawing_thumb.jpg,2005,Nevada Rock Art Foundation
a0a0a0a0-0000-5100-0002-000000000000,Paiute Rocks Panel 51A NRAF 2005 photo,PR_Panel-51A_NRAF 2005 photo.jpg,PR_Panel-51A_NRAF 2005 photo_thumb.jpg,2005,Nevada Rock Art Foundation
a0a0a0a0-0000-5100-0003-000000000000,Paiute Rocks Panel 51B NRAF 2005 photo,PR_Panel-51B NRAF 2005 photo.jpg,PR_Panel-51B NRAF 2005 photo_thumb.jpg,2005,Nevada Rock Art Foundation
a0a0a0a0-0000-5100-0004-000000000000,Paiute Rocks Panel 51B NRAF 2005 drawing,PR_Panel-51B_NRAF 2005 drawing.jpg,PR_Panel-51B_NRAF 2005 drawing_thumb.jpg,2005,Nevada Rock Art Foundation
a0a0a0a0-0000-5800-0001-000000000000,Paiute Rocks Panel 58A NRAF 2005 drawing,PR_Panel-58A_NRAF 2005 drawing.jpg,PR_Panel-58A_NRAF 2005 drawing_thumb.jpg,2005,Nevada Rock Art Foundation
a0a0a0a0-0000-5800-0002-000000000000,Paiute Rocks Panel 58B NRAF 2005 drawing,PR_Panel-58B_NRAF 2005 drawing.jpg,PR_Panel-58B_NRAF 2005 drawing_thumb.jpg,2005,Nevada Rock Art Foundation
a0a0a0a0-0000-5800-0003-000000000000,Paiute Rocks Panel 58 NRAF 2005 photo,PR_Panel-58_NRAF 2005 photo.jpg,PR_Panel-58_NRAF 2005 photo_thumb.jpg,2005,Nevada Rock Art Foundation
a0a0a0a0-0000-5900-0001-000000000000,Paiute Rocks Panel 59 NRAF 2005 photo,PR_Panel-59 NRAF 2005 photo.jpg,PR_Panel-59 NRAF 2005 photo_thumb.jpg,2005,Nevada Rock Art Foundation
a0a0a0a0-0000-5900-0002-000000000000,Paiute Rocks Panel 59 NRAF 2005 drawing,PR_Panel-59_NRAF 2005 drawing.jpg,PR_Panel-59_NRAF 2005 drawing_thumb.jpg,2005,Nevada Rock Art Foundation
a0a0a0a0-0000-0700-0001-000000000000,Paiute Rocks Panel 7 NRAF 2005 drawing,PR_Panel-7_NRAF 2005 drawing.jpg,PR_Panel-7_NRAF 2005 drawing_thumb.jpg,2005,Nevada Rock Art Foundation
a0a0a0a0-0000-0700-0002-000000000000,Paiute Rocks Panel 7 NRAF 2005 photo,PR_Panel-7_NRAF 2005 photo.jpg,PR_Panel-7_NRAF 2005 photo_thumb.jpg,2005,Nevada Rock Art Foundation
b0b0b0b0-0000-1401-0001-000000000000,Red Pigment Canyon LN4061 F14 P1 ARG 2018,RPC_LN4061_F14-P1 ARG 2018 photo_01.jpg,RPC_LN4061_F14-P1 ARG 2018 photo_01_thumb.jpg,2018,Architectural Resource Group
b0b0b0b0-0000-1401-0002-000000000000,Red Pigment Canyon LN4061 F14 P1 ARG 2018,RPC_LN4061_F14-P1 ARG 2018 photo_02.jpg,RPC_LN4061_F14-P1 ARG 2018 photo_02_thumb.jpg,2018,Architectural Resource Group
b0b0b0b0-0000-1401-0003-000000000000,Red Pigment Canyon LN4061 F14 P1 Detail 1 ASM 2014,RPC_LN4061_F14-P1_Detail-1_ASM 2014 photo.jpg,RPC_LN4061_F14-P1_Detail-1_ASM 2014 photo_thumb.jpg,2014,ASM Associates
b0b0b0b0-0000-1401-0004-000000000000,Red Pigment Canyon LN4061 F14 P1 Detail 2 ASM 2014,RPC_LN4061_F14-P1_Detail-2_ASM 2014 photo.jpg,RPC_LN4061_F14-P1_Detail-2_ASM 2014 photo_thumb.jpg,2014,ASM Associates
b0b0b0b0-0000-1401-0005-000000000000,Red Pigment Canyon LN4061 F14 P1 Detail 3 ASM 2014,RPC_LN4061_F14-P1_Detail-3_ASM 2014 photo.jpg,RPC_LN4061_F14-P1_Detail-3_ASM 2014 photo_thumb.jpg,2014,ASM Associates
b0b0b0b0-0000-1401-0006-000000000000,Red Pigment Canyon LN4061 F14 P1 Detail 4 ASM 2014,RPC_LN4061_F14-P1_Detail-4_ASM 2014 photo.jpg,RPC_LN4061_F14-P1_Detail-4_ASM 2014 photo_thumb.jpg,2014,ASM Associates
b0b0b0b0-0000-1401-0007-000000000000,Red Pigment Canyon LN4061 F14 P1 facing N NRAF 2011,RPC_LN4061_F14-P1_facing N_NRAF 2011 photo.jpg,RPC_LN4061_F14-P1_facing N_NRAF 2011 photo_thumb.jpg,2011,Nevada Rock Art Foundation
b0b0b0b0-0000-1401-0008-000000000000,Red Pigment Canyon LN4061 F14 P1 Lee 2002 drawing LN4232 Locus,RPC_LN4061_F14-P1_Lee 2002 drawing LN4232_Locus 57.jpg,RPC_LN4061_F14-P1_Lee 2002 drawing LN4232_Locus 57_thumb.jpg,2002,Lee et al.
b0b0b0b0-0000-1401-0009-000000000000,Red Pigment Canyon LN4061 F14 P1 overview ASM,RPC_LN4061_F14-P1_overview_ASM 2014.jpg,RPC_LN4061_F14-P1_overview_ASM 2014_thumb.jpg,2014,ASM Associates
b0b0b0b0-0000-1401-0010-000000000000,Red Pigment Canyon LN4061 F14 P1 overview facing N NRAF 2011,RPC_LN4061_F14-P1_overview_facing N_NRAF 2011 photo.jpg,RPC_LN4061_F14-P1_overview_facing N_NRAF 2011 photo_thumb.jpg,2011,Nevada Rock Art Foundation
b0b0b0b0-0000-1421-0001-000000000000,Red Pigment Canyon LN4061 F14 P1 Panel 21 NRAF 2011,RPC_LN4061_F14-P1_Panel-21_NRAF 2011 drawing.jpg,RPC_LN4061_F14-P1_Panel-21_NRAF 2011 drawing_thumb.jpg,2011,Nevada Rock Art Foundation
b0b0b0b0-0000-0201-0001-000000000000,Red Pigment Canyon LN4061 F2 P1 detail 1 facing SW NRAF 2011,RPC_LN4061_F2-P1_detail-1_facing SW_NRAF 2011 photo.jpg,RPC_LN4061_F2-P1_detail-1_facing SW_NRAF 2011 photo_thumb.jpg,2011,Nevada Rock Art Foundation
b0b0b0b0-0000-0201-0002-000000000000,Red Pigment Canyon LN4061 F2 P1 detail 2 facing SW NRAF 2011,RPC_LN4061_F2-P1_detail-2_facing SW_NRAF 2011 photo.jpg,RPC_LN4061_F2-P1_detail-2_facing SW_NRAF 2011 photo_thumb.jpg,2011,Nevada Rock Art Foundation
b0b0b0b0-0000-0201-0003-000000000000,Red Pigment Canyon LN4061 F2 P1 overview facing SW NRAF 2011,RPC_LN4061_F2-P1_overview_facing SW_NRAF 2011 photo.jpg,RPC_LN4061_F2-P1_overview_facing SW_NRAF 2011 photo_thumb.jpg,2011,Nevada Rock Art Foundation
b0b0b0b0-0000-0223-0001-000000000000,Red Pigment Canyon LN4061 F2 P1 Panel 23C NRAF 2011,RPC_LN4061_F2-P1_Panel-23C_NRAF 2011 drawing.jpg,RPC_LN4061_F2-P1_Panel-23C_NRAF 2011 drawing_thumb.jpg,2011,Nevada Rock Art Foundation
b0b0b0b0-0000-0201-0004-000000000000,Red Pigment Canyon LN4232 F2 P1 ARG,RPC_LN4232_F2-P1_ARG 2018.jpg,RPC_LN4232_F2-P1_ARG 2018_thumb.jpg,2018,Architectural Resource Group
b0b0b0b0-0000-0202-0001-000000000000,Red Pigment Canyon LN4061 F2 P2 detail 1 facing SE NRAF 2011,RPC_LN4061_F2-P2_detail-1_facing SE_NRAF 2011 photo.jpg,RPC_LN4061_F2-P2_detail-1_facing SE_NRAF 2011 photo_thumb.jpg,2011,Nevada Rock Art Foundation
b0b0b0b0-0000-0202-0002-000000000000,Red Pigment Canyon LN4061 F2 P2 detail 2 facing SE NRAF 2011,RPC_LN4061_F2-P2_detail-2_facing SE_NRAF 2011 photo.jpg,RPC_LN4061_F2-P2_detail-2_facing SE_NRAF 2011 photo_thumb.jpg,2011,Nevada Rock Art Foundation
b0b0b0b0-0000-0202-0003-000000000000,Red Pigment Canyon LN4061 F2 P2 facing SE NRAF 2011,RPC_LN4061_F2-P2_facing SE_NRAF 2011 photo.jpg,RPC_LN4061_F2-P2_facing SE_NRAF 2011 photo_thumb.jpg,2011,Nevada Rock Art Foundation
b0b0b0b0-0000-0223-0002-000000000000,Red Pigment Canyon LN4061 F2 P2 Panel 23A NRAF 2011,RPC_LN4061_F2-P2_Panel-23A_NRAF 2011 drawing.jpg,RPC_LN4061_F2-P2_Panel-23A_NRAF 2011 drawing_thumb.jpg,2011,Nevada Rock Art Foundation
b0b0b0b0-0000-0203-0001-000000000000,Red Pigment Canyon LN4061 F2 P3 detail 1 facing N NRAF 2011,RPC_LN4061_F2-P3_detail-1_facing N_NRAF 2011 photo.jpg,RPC_LN4061_F2-P3_detail-1_facing N_NRAF 2011 photo_thumb.jpg,2011,Nevada Rock Art Foundation
b0b0b0b0-0000-0203-0002-000000000000,Red Pigment Canyon LN4061 F2 P3 detail 2 facing N NRAF 2011,RPC_LN4061_F2-P3_detail-2_facing N_NRAF 2011 photo.jpg,RPC_LN4061_F2-P3_detail-2_facing N_NRAF 2011 photo_thumb.jpg,2011,Nevada Rock Art Foundation
b0b0b0b0-0000-0203-0003-000000000000,Red Pigment Canyon LN4061 F2 P3 detail 3 facing N NRAF 2011,RPC_LN4061_F2-P3_detail-3_facing N_NRAF 2011 photo.jpg,RPC_LN4061_F2-P3_detail-3_facing N_NRAF 2011 photo_thumb.jpg,2011,Nevada Rock Art Foundation
b0b0b0b0-0000-0203-0004-000000000000,Red Pigment Canyon LN4061 F2 P3 overview facing N NRAF 2011,RPC_LN4061_F2-P3_overview_facing N_NRAF 2011 photo.jpg,RPC_LN4061_F2-P3_overview_facing N_NRAF 2011 photo_thumb.jpg,2011,Nevada Rock Art Foundation
b0b0b0b0-0000-0223-0003-000000000000,Red Pigment Canyon LN4061 F2 P3 Panel 23B NRAF 2011,RPC_LN4061_F2-P3_Panel-23B_NRAF 2011 drawing.jpg,RPC_LN4061_F2-P3_Panel-23B_NRAF 2011 drawing_thumb.jpg,2011,Nevada Rock Art Foundation
b0b0b0b0-0000-0601-0001-000000000000,Red Pigment Canyon LN4061 F6 P1 ARG,RPC_LN4061_F6-P1 ARG 2018.jpg,RPC_LN4061_F6-P1 ARG 2018_thumb.jpg,2018,Architectural Resource Group
b0b0b0b0-0000-0601-0002-000000000000,Red Pigment Canyon LN4061 F6 P1 detail 1 facing N NRAF 2011,RPC_LN4061_F6-P1_detail-1_facing N_NRAF 2011 photo.jpg,RPC_LN4061_F6-P1_detail-1_facing N_NRAF 2011 photo_thumb.jpg,2011,Nevada Rock Art Foundation
b0b0b0b0-0000-0601-0003-000000000000,Red Pigment Canyon LN4061 F6 P1 detail 2 facing N NRAF 2011,RPC_LN4061_F6-P1_detail-2_facing N_NRAF 2011 photo.jpg,RPC_LN4061_F6-P1_detail-2_facing N_NRAF 2011 photo_thumb.jpg,2011,Nevada Rock Art Foundation
b0b0b0b0-0000-0601-0004-000000000000,Red Pigment Canyon LN4061 F6 P1 detail 3 facing N NRAF 2011,RPC_LN4061_F6-P1_detail-3_facing N_NRAF 2011 photo.jpg,RPC_LN4061_F6-P1_detail-3_facing N_NRAF 2011 photo_thumb.jpg,2011,Nevada Rock Art Foundation
b0b0b0b0-0000-0601-0005-000000000000,Red Pigment Canyon LN4061 F6 P1 detail 4 facing N NRAF 2011,RPC_LN4061_F6-P1_detail-4_facing N_NRAF 2011 photo.jpg,RPC_LN4061_F6-P1_detail-4_facing N_NRAF 2011 photo_thumb.jpg,2011,Nevada Rock Art Foundation
b0b0b0b0-0000-0601-0006-000000000000,Red Pigment Canyon LN4061 F6 P1 detail 5 facing N NRAF 2011,RPC_LN4061_F6-P1_detail-5_facing N_NRAF 2011 photo.jpg,RPC_LN4061_F6-P1_detail-5_facing N_NRAF 2011 photo_thumb.jpg,2011,Nevada Rock Art Foundation
b0b0b0b0-0000-0601-0007-000000000000,Red Pigment Canyon LN4061 F6 P1 overview facing N NRAF 2011,RPC_LN4061_F6-P1_overview_facing N_NRAF 2011 photo.jpg,RPC_LN4061_F6-P1_overview_facing N_NRAF 2011 photo_thumb.jpg,2011,Nevada Rock Art Foundation
b0b0b0b0-0000-0624-0001-000000000000,Red Pigment Canyon LN4061 F6 P1 P24A NRAF 2011 drawing 1 of,RPC_LN4061_F6-P1_P24A_NRAF 2011 drawing 1 of 2.jpg,RPC_LN4061_F6-P1_P24A_NRAF 2011 drawing 1 of 2_thumb.jpg,2011,Nevada Rock Art Foundation
b0b0b0b0-0000-0624-0002-000000000000,Red Pigment Canyon LN4061 F6 P1 P24A NRAF 2011 drawing 2 of,RPC_LN4061_F6-P1_P24A_NRAF 2011 drawing 2 of 2.jpg,RPC_LN4061_F6-P1_P24A_NRAF 2011 drawing 2 of 2_thumb.jpg,2011,Nevada Rock Art Foundation
b0b0b0b0-0000-0801-0001-000000000000,Red Pigment Canyon LN4061 F8 P1 detail 1 facing N NRAF 2011,RPC_LN4061_F8-P1_detail-1_facing N_NRAF 2011 photo.jpg,RPC_LN4061_F8-P1_detail-1_facing N_NRAF 2011 photo_thumb.jpg,2011,Nevada Rock Art Foundation
b0b0b0b0-0000-0801-0002-000000000000,Red Pigment Canyon LN4061 F8 P1 detail 2 facing N NRAF 2011,RPC_LN4061_F8-P1_detail-2_facing N_NRAF 2011 photo.jpg,RPC_LN4061_F8-P1_detail-2_facing N_NRAF 2011 photo_thumb.jpg,2011,Nevada Rock Art Foundation
b0b0b0b0-0000-0801-0003-000000000000,Red Pigment Canyon LN4061 F8 P1 detail 3 facing N NRAF 2011,RPC_LN4061_F8-P1_detail-3_facing N_NRAF 2011 photo.jpg,RPC_LN4061_F8-P1_detail-3_facing N_NRAF 2011 photo_thumb.jpg,2011,Nevada Rock Art Foundation
b0b0b0b0-0000-0801-0004-000000000000,Red Pigment Canyon LN4061 F8 P1 overview facing N NRAF 2011,RPC_LN4061_F8-P1_overview_facing N_NRAF 2011 photo.jpg,RPC_LN4061_F8-P1_overview_facing N_NRAF 2011 photo_thumb.jpg,2011,Nevada Rock Art Foundation
b0b0b0b0-0000-0825-0001-000000000000,Red Pigment Canyon LN4061 F8 P1 Panel 25 NRAF 2011,RPC_LN4061_F8-P1_Panel-25_NRAF 2011 drawing.jpg,RPC_LN4061_F8-P1_Panel-25_NRAF 2011 drawing_thumb.jpg,2011,Nevada Rock Art Foundation
b0b0b0b0-0000-2636-0001-000000000000,Red Pigment Canyon LN4232 F26 P1 P36E Lee et al. 2002 Drawing,RPC_LN4232 F26-P1_P36E_Lee et al. 2002 Drawing 03.jpg,RPC_LN4232 F26-P1_P36E_Lee et al. 2002 Drawing 03_thumb.jpg,2002,Lee et al.
b0b0b0b0-0000-2601-0001-000000000000,Red Pigment Canyon LN4232 F26 P1 overview facing W NRAF,RPC_LN4232_F26-P1_overview facing W_NRAF photo 2011.jpg,RPC_LN4232_F26-P1_overview facing W_NRAF photo 2011_thumb.jpg,2011,Nevada Rock Art Foundation
b0b0b0b0-0000-262A-0001-000000000000,Red Pigment Canyon LN4232 F26 P1 P2A facing W NRAF,RPC_LN4232_F26-P1_P2A _facing W NRAF photo 2011.jpg,RPC_LN4232_F26-P1_P2A _facing W NRAF photo 2011_thumb.jpg,2011,Nevada Rock Art Foundation
b0b0b0b0-0000-262A-0002-000000000000,Red Pigment Canyon LN4232 F26 P1 P2A detail 1 facing W NRAF,RPC_LN4232_F26-P1_P2A_detail 1 facing W NRAF photo 2011.jpg,RPC_LN4232_F26-P1_P2A_detail 1 facing W NRAF photo 2011_thumb.jpg,2011,Nevada Rock Art Foundation
b0b0b0b0-0000-262A-0003-000000000000,Red Pigment Canyon LN4232 F26 P1 P2A NRAF 2011 drawing,RPC_LN4232_F26-P1_P2A_NRAF 2011 drawing 01.jpg,RPC_LN4232_F26-P1_P2A_NRAF 2011 drawing 01_thumb.jpg,2011,Nevada Rock Art Foundation
b0b0b0b0-0000-262B-0001-000000000000,Red Pigment Canyon LN4232 F26 P1 P2B facing N NRAF,RPC_LN4232_F26-P1_P2B facing N_ NRAF photo 2011.jpg,RPC_LN4232_F26-P1_P2B facing N_ NRAF photo 2011_thumb.jpg,2011,Nevada Rock Art Foundation
b0b0b0b0-0000-262B-0002-000000000000,Red Pigment Canyon LN4232 F26 P1 P2B detail 1 facing N NRAF,RPC_LN4232_F26-P1_P2B_detail 1 facing N_NRAF photo 2011.jpg,RPC_LN4232_F26-P1_P2B_detail 1 facing N_NRAF photo 2011_thumb.jpg,2011,Nevada Rock Art Foundation
b0b0b0b0-0000-262B-0003-000000000000,Red Pigment Canyon LN4232 F26 P1 P2B detail 2 facing N NRAF,RPC_LN4232_F26-P1_P2B_detail 2 facing N_NRAF photo 2011.jpg,RPC_LN4232_F26-P1_P2B_detail 2 facing N_NRAF photo 2011_thumb.jpg,2011,Nevada Rock Art Foundation
b0b0b0b0-0000-262B-0004-000000000000,Red Pigment Canyon LN4232 F26 P1 P2B NRAF 2011 drawing,RPC_LN4232_F26-P1_P2B_NRAF 2011 drawing 02.jpg,RPC_LN4232_F26-P1_P2B_NRAF 2011 drawing 02_thumb.jpg,2011,Nevada Rock Art Foundation
b0b0b0b0-0000-262C-0001-000000000000,Red Pigment Canyon LN4232 F26 P1 P2C detail 1 facing W NRAF,RPC_LN4232_F26-P1_P2C_detail 1 facing W_NRAF photo 2011.jpg,RPC_LN4232_F26-P1_P2C_detail 1 facing W_NRAF photo 2011_thumb.jpg,2011,Nevada Rock Art Foundation
b0b0b0b0-0000-262C-0002-000000000000,Red Pigment Canyon LN4232 F26 P1 P2C detail 2 facing W NRAF,RPC_LN4232_F26-P1_P2C_detail 2 facing W_NRAF photo 2011.jpg,RPC_LN4232_F26-P1_P2C_detail 2 facing W_NRAF photo 2011_thumb.jpg,2011,Nevada Rock Art Foundation
b0b0b0b0-0000-262C-0003-000000000000,Red Pigment Canyon LN4232 F26 P1 P2C detail 3 facing W NRAF,RPC_LN4232_F26-P1_P2C_detail 3 facing W_NRAF photo 2011.jpg,RPC_LN4232_F26-P1_P2C_detail 3 facing W_NRAF photo 2011_thumb.jpg,2011,Nevada Rock Art Foundation
b0b0b0b0-0000-262C-0004-000000000000,Red Pigment Canyon LN4232 F26 P1 P2C NRAF 2011 drawing,RPC_LN4232_F26-P1_P2C_NRAF 2011 drawing 03.jpg,RPC_LN4232_F26-P1_P2C_NRAF 2011 drawing 03_thumb.jpg,2011,Nevada Rock Art Foundation
b0b0b0b0-0000-262C-0005-000000000000,Red Pigment Canyon LN4232 F26 P1 P2C overview facing W NRAF,RPC_LN4232_F26-P1_P2C_overview facing W NRAF photo 2011.jpg,RPC_LN4232_F26-P1_P2C_overview facing W NRAF photo 2011_thumb.jpg,2011,Nevada Rock Art Foundation
b0b0b0b0-0000-262D-0001-000000000000,Red Pigment Canyon LN4232 F26 P1 P2D detail facing W NRAF,RPC_LN4232_F26-P1_P2D_detail facing W_NRAF photo 2011.jpg,RPC_LN4232_F26-P1_P2D_detail facing W_NRAF photo 2011_thumb.jpg,2011,Nevada Rock Art Foundation
b0b0b0b0-0000-262D-0002-000000000000,Red Pigment Canyon LN4232 F26 P1 P2D NRAF 2011 drawing,RPC_LN4232_F26-P1_P2D_NRAF 2011 drawing 04.jpg,RPC_LN4232_F26-P1_P2D_NRAF 2011 drawing 04_thumb.jpg,2011,Nevada Rock Art Foundation
b0b0b0b0-0000-262D-0003-000000000000,Red Pigment Canyon LN4232 F26 P1 P2D overview facing W NRAF,RPC_LN4232_F26-P1_P2D_overview facing W_NRAF photo 2011.jpg,RPC_LN4232_F26-P1_P2D_overview facing W_NRAF photo 2011_thumb.jpg,2011,Nevada Rock Art Foundation
b0b0b0b0-0000-262E-0001-000000000000,Red Pigment Canyon LN4232 F26 P1 P2E facing W NRAF,RPC_LN4232_F26-P1_P2E facing W_ NRAF photo 2011.jpg,RPC_LN4232_F26-P1_P2E facing W_ NRAF photo 2011_thumb.jpg,2011,Nevada Rock Art Foundation
b0b0b0b0-0000-262E-0002-000000000000,Red Pigment Canyon LN4232 F26 P1 P2E facing W NRAF,RPC_LN4232_F26-P1_P2E facing W_NRAF photo 2011.jpg,RPC_LN4232_F26-P1_P2E facing W_NRAF photo 2011_thumb.jpg,2011,Nevada Rock Art Foundation
b0b0b0b0-0000-262E-0003-000000000000,Red Pigment Canyon LN4232 F26 P1 P2E NRAF 2011 drawing,RPC_LN4232_F26-P1_P2E_NRAF 2011 drawing 05.jpg,RPC_LN4232_F26-P1_P2E_NRAF 2011 drawing 05_thumb.jpg,2011,Nevada Rock Art Foundation
b0b0b0b0-0000-2636-0002-000000000000,Red Pigment Canyon LN4232 F26 P1 P36A C Lee et al. 2002 drawing,RPC_LN4232_F26-P1_P36A-C_Lee et al. 2002 drawing 01.jpg,RPC_LN4232_F26-P1_P36A-C_Lee et al. 2002 drawing 01_thumb.jpg,2002,Lee et al.
b0b0b0b0-0000-2636-0003-000000000000,Red Pigment Canyon LN4232 F26 P1 P36D Lee et al. 2002 drawing,RPC_LN4232_F26-P1_P36D_Lee et al. 2002 drawing 2.jpg,RPC_LN4232_F26-P1_P36D_Lee et al. 2002 drawing 2_thumb.jpg,2002,Lee et al.
b0b0b0b0-0000-2901-0001-000000000000,Red Pigment Canyon LN4232 F29 P1 closeup facing SE NRAF 2011,RPC_LN4232_F29-P1_closeup_facing SE_NRAF 2011 photo.jpg,RPC_LN4232_F29-P1_closeup_facing SE_NRAF 2011 photo_thumb.jpg,2011,Nevada Rock Art Foundation
b0b0b0b0-0000-2901-0002-000000000000,Red Pigment Canyon LN4232 F29 P1 detail ASM 2014,RPC_LN4232_F29-P1_detail_ASM 2014 photo.jpg,RPC_LN4232_F29-P1_detail_ASM 2014 photo_thumb.jpg,2014,ASM Associates
b0b0b0b0-0000-2901-0003-000000000000,Red Pigment Canyon LN4232 F29 P1 facing SE NRAF 2011,RPC_LN4232_F29-P1_facing SE_NRAF 2011 photo.jpg,RPC_LN4232_F29-P1_facing SE_NRAF 2011 photo_thumb.jpg,2011,Nevada Rock Art Foundation
b0b0b0b0-0000-2901-0004-000000000000,Red Pigment Canyon LN4232 F29 P1 Lee et al 2002 drawing Locus,RPC_LN4232_F29-P1_Lee et al 2002 drawing Locus 50.jpg,RPC_LN4232_F29-P1_Lee et al 2002 drawing Locus 50_thumb.jpg,2002,Lee et al.
b0b0b0b0-0000-2901-0005-000000000000,Red Pigment Canyon LN4232 F29 P1 overview ASM 2014,RPC_LN4232_F29-P1_overview_ASM 2014 photo.jpg,RPC_LN4232_F29-P1_overview_ASM 2014 photo_thumb.jpg,2014,ASM Associates
b0b0b0b0-0000-2901-0006-000000000000,Red Pigment Canyon LN4232 F29 P1 overview facing N NRAF 2011,RPC_LN4232_F29-P1_overview_facing N_NRAF 2011 photo.jpg,RPC_LN4232_F29-P1_overview_facing N_NRAF 2011 photo_thumb.jpg,2011,Nevada Rock Art Foundation
b0b0b0b0-0000-2910-0001-000000000000,Red Pigment Canyon LN4232 F29 P1 Panel 10C NRAF 2011,RPC_LN4232_F29-P1_Panel-10C_NRAF 2011 drawing.jpg,RPC_LN4232_F29-P1_Panel-10C_NRAF 2011 drawing_thumb.jpg,2011,Nevada Rock Art Foundation
b0b0b0b0-0000-3201-0001-000000000000,Red Pigment Canyon LN4232 F32 P1 Detail ASM 2014,RPC_LN4232_F32-P1_Detail_ASM 2014 photo.jpg,RPC_LN4232_F32-P1_Detail_ASM 2014 photo_thumb.jpg,2014,ASM Associates
b0b0b0b0-0000-3201-0002-000000000000,Red Pigment Canyon LN4232 F32 P1 overview ASM 2014,RPC_LN4232_F32-P1_overview_ASM 2014 photo.jpg,RPC_LN4232_F32-P1_overview_ASM 2014 photo_thumb.jpg,2014,ASM Associates
b0b0b0b0-0000-3217-0001-000000000000,Red Pigment Canyon LN4232 F32 P1 P17A&B overview facing N NRAF 2011,RPC_LN4232_F32-P1_P17A&B overview_facing N_NRAF 2011 photo.jpg,RPC_LN4232_F32-P1_P17A&B overview_facing N_NRAF 2011 photo_thumb.jpg,2011,Nevada Rock Art Foundation
b0b0b0b0-0000-3217-0002-000000000000,Red Pigment Canyon LN4232 F32 P1 P17B closeup facing N NRAF 2011,RPC_LN4232_F32-P1_P17B closeup_facing N_NRAF 2011 photo.jpg,RPC_LN4232_F32-P1_P17B closeup_facing N_NRAF 2011 photo_thumb.jpg,2011,Nevada Rock Art Foundation
b0b0b0b0-0000-3217-0003-000000000000,Red Pigment Canyon LN4232 F32 P1 P17B facing N NRAF 2011,RPC_LN4232_F32-P1_P17B_facing N_NRAF 2011 photo.jpg,RPC_LN4232_F32-P1_P17B_facing N_NRAF 2011 photo_thumb.jpg,2011,Nevada Rock Art Foundation
b0b0b0b0-0000-3217-0004-000000000000,Red Pigment Canyon LN4232 F32 P1 Panel 17B NRAF 2011,RPC_LN4232_F32-P1_Panel-17B_NRAF 2011 drawing.jpg,RPC_LN4232_F32-P1_Panel-17B_NRAF 2011 drawing_thumb.jpg,2011,Nevada Rock Art Foundation
b0b0b0b0-0000-3202-0001-000000000000,Red Pigment Canyon LN4232 F32 P2 detail ASM 2014,RPC_LN4232_F32-P2_detail_ASM 2014 photo.jpg,RPC_LN4232_F32-P2_detail_ASM 2014 photo_thumb.jpg,2014,ASM Associates
b0b0b0b0-0000-3202-0002-000000000000,Red Pigment Canyon LN4232 F32 P2 overview ASM 2014,RPC_LN4232_F32-P2_overview_ASM 2014 photo.jpg,RPC_LN4232_F32-P2_overview_ASM 2014 photo_thumb.jpg,2014,ASM Associates
b0b0b0b0-0000-3217-0005-000000000000,Red Pigment Canyon LN4232 F32 P2 P17A closeup facing N NRAF 2011,RPC_LN4232_F32-P2_P17A closeup_facing N_NRAF 2011 photo.jpg,RPC_LN4232_F32-P2_P17A closeup_facing N_NRAF 2011 photo_thumb.jpg,2011,Nevada Rock Art Foundation
b0b0b0b0-0000-3217-0006-000000000000,Red Pigment Canyon LN4232 F32 P2 P17A&B overview facing N NRAF 2011,RPC_LN4232_F32-P2_P17A&B overview_facing N_NRAF 2011 photo.jpg,RPC_LN4232_F32-P2_P17A&B overview_facing N_NRAF 2011 photo_thumb.jpg,2011,Nevada Rock Art Foundation
b0b0b0b0-0000-3217-0007-000000000000,Red Pigment Canyon LN4232 F32 P2 P17A facing N NRAF 2011,RPC_LN4232_F32-P2_P17A_facing N_NRAF 2011 photo.jpg,RPC_LN4232_F32-P2_P17A_facing N_NRAF 2011 photo_thumb.jpg,2011,Nevada Rock Art Foundation
b0b0b0b0-0000-3217-0008-000000000000,Red Pigment Canyon LN4232 F32 P2 Panel 17A NRAF 2011,RPC_LN4232_F32-P2_Panel-17A_NRAF 2011 drawing.jpg,RPC_LN4232_F32-P2_Panel-17A_NRAF 2011 drawing_thumb.jpg,2011,Nevada Rock Art Foundation
b0b0b0b0-0000-3701-0001-000000000000,Red Pigment Canyon LN4232 F37 P1 closeup facing E NRAF 2011,RPC_LN4232_F37-P1_closeup_facing E_NRAF 2011 photo.jpg,RPC_LN4232_F37-P1_closeup_facing E_NRAF 2011 photo_thumb.jpg,2011,Nevada Rock Art Foundation
b0b0b0b0-0000-3701-0002-000000000000,Red Pigment Canyon LN4232 F37 P1 detail ASM 2014,RPC_LN4232_F37-P1_detail_ASM 2014 photo.jpg,RPC_LN4232_F37-P1_detail_ASM 2014 photo_thumb.jpg,2014,ASM Associates
b0b0b0b0-0000-3701-0003-000000000000,Red Pigment Canyon LN4232 F37 P1 Lee et al 2002,RPC_LN4232_F37-P1_Lee et al 2002 drawing.jpg,RPC_LN4232_F37-P1_Lee et al 2002 drawing_thumb.jpg,2002,Lee et al.
b0b0b0b0-0000-3701-0004-000000000000,Red Pigment Canyon LN4232 F37 P1 location facing E NRAF 2011,RPC_LN4232_F37-P1_location_facing E_NRAF 2011 photo.jpg,RPC_LN4232_F37-P1_location_facing E_NRAF 2011 photo_thumb.jpg,2011,Nevada Rock Art Foundation
b0b0b0b0-0000-3701-0005-000000000000,Red Pigment Canyon LN4232 F37 P1 overview ASM 2014,RPC_LN4232_F37-P1_overview_ASM 2014 photo.jpg,RPC_LN4232_F37-P1_overview_ASM 2014 photo_thumb.jpg,2014,ASM Associates
b0b0b0b0-0000-3701-0006-000000000000,Red Pigment Canyon LN4232 F37 P1 overview facing E NRAF 2011,RPC_LN4232_F37-P1_overview_facing E_NRAF  2011 photo.jpg,RPC_LN4232_F37-P1_overview_facing E_NRAF  2011 photo_thumb.jpg,2011,Nevada Rock Art Foundation
b0b0b0b0-0000-3707-0001-000000000000,Red Pigment Canyon LN4232 F37 P1 Panel 7 NRAF 2011,RPC_LN4232_F37-P1_Panel-7_NRAF 2011 drawing.jpg,RPC_LN4232_F37-P1_Panel-7_NRAF 2011 drawing_thumb.jpg,2011,Nevada Rock Art Foundation
b0b0b0b0-0000-3701-0007-000000000000,Red Pigment Canyon LN4232 F37 P1 White 1997,RPC_LN4232_F37-P1_White 1997 photo.jpg,RPC_LN4232_F37-P1_White 1997 photo_thumb.jpg,1997,White
b0b0b0b0-0000-4701-0001-000000000000,Red Pigment Canyon LN4232 F47 P1 closeup facing S NRAF 2011,RPC_LN4232_F47-P1_closeup_facing S_NRAF 2011 photo.jpg,RPC_LN4232_F47-P1_closeup_facing S_NRAF 2011 photo_thumb.jpg,2011,Nevada Rock Art Foundation
b0b0b0b0-0000-4701-0002-000000000000,Red Pigment Canyon LN4232 F47 P1 Lee et al. 2002,RPC_LN4232_F47-P1_Lee et al. 2002 drawing.jpg,RPC_LN4232_F47-P1_Lee et al. 2002 drawing_thumb.jpg,2002,Lee et al.
b0b0b0b0-0000-4701-0003-000000000000,Red Pigment Canyon LN4232 F47 P1 overview facing S NRAF,RPC_LN4232_F47-P1_overview facing S NRAF 2011.jpg,RPC_LN4232_F47-P1_overview facing S NRAF 2011_thumb.jpg,2011,Nevada Rock Art Foundation
b0b0b0b0-0000-4733-0001-000000000000,Red Pigment Canyon LN4232 F47 P1 Panel 33 NRAF 2011,RPC_LN4232_F47-P1_Panel-33_NRAF 2011 drawing.jpg,RPC_LN4232_F47-P1_Panel-33_NRAF 2011 drawing_thumb.jpg,2011,Nevada Rock Art Foundation
b0b0b0b0-0000-4701-0004-000000000000,Red Pigment Canyon LN4232 F47 P1 White 1997,RPC_LN4232_F47-P1_White 1997 photo.jpg,RPC_LN4232_F47-P1_White 1997 photo_thumb.jpg,1997,White
b0b0b0b0-0000-5501-0001-000000000000,Red Pigment Canyon LN4232 F55 P1 Action 1 ARG 2018,RPC_LN4232_F55-P1_Action-1_ARG 2018 photo.jpg,RPC_LN4232_F55-P1_Action-1_ARG 2018 photo_thumb.jpg,2018,Architectural Resource Group
b0b0b0b0-0000-5501-0002-000000000000,Red Pigment Canyon LN4232 F55 P1 Action 2 ARG 2018,RPC_LN4232_F55-P1_Action-2_ARG 2018 photo.jpg,RPC_LN4232_F55-P1_Action-2_ARG 2018 photo_thumb.jpg,2018,Architectural Resource Group
b0b0b0b0-0000-5501-0003-000000000000,Red Pigment Canyon LN4232 F55 P1 detail 1 ARG 2018,RPC_LN4232_F55-P1_detail-1_ARG 2018 photo.jpg,RPC_LN4232_F55-P1_detail-1_ARG 2018 photo_thumb.jpg,2018,Architectural Resource Group
b0b0b0b0-0000-5501-0004-000000000000,Red Pigment Canyon LN4232 F55 P1 detail 1 facing W NRAF 2011,RPC_LN4232_F55-P1_detail-1_facing W_NRAF 2011 photo.jpg,RPC_LN4232_F55-P1_detail-1_facing W_NRAF 2011 photo_thumb.jpg,2011,Nevada Rock Art Foundation
b0b0b0b0-0000-5501-0005-000000000000,Red Pigment Canyon LN4232 F55 P1 detail 2 facing W NRAF 2011,RPC_LN4232_F55-P1_detail-2_facing W_NRAF 2011 photo.jpg,RPC_LN4232_F55-P1_detail-2_facing W_NRAF 2011 photo_thumb.jpg,2011,Nevada Rock Art Foundation
b0b0b0b0-0000-5501-0006-000000000000,Red Pigment Canyon LN4232 F55 P1 detail 3 facing W NRAF 2011,RPC_LN4232_F55-P1_detail-3_facing W_NRAF 2011 photo.jpg,RPC_LN4232_F55-P1_detail-3_facing W_NRAF 2011 photo_thumb.jpg,2011,Nevada Rock Art Foundation
b0b0b0b0-0000-5501-0007-000000000000,Red Pigment Canyon LN4232 F55 P1 detail ASM 2014,RPC_LN4232_F55-P1_detail_ASM 2014 photo.jpg,RPC_LN4232_F55-P1_detail_ASM 2014 photo_thumb.jpg,2014,ASM Associates
b0b0b0b0-0000-5501-0008-000000000000,Red Pigment Canyon LN4232 F55 P1 Lee et al. 2002 drawing Locus,RPC_LN4232_F55-P1_Lee et al. 2002 drawing Locus 13B.jpg,RPC_LN4232_F55-P1_Lee et al. 2002 drawing Locus 13B_thumb.jpg,2002,Lee et al.
b0b0b0b0-0000-5501-0009-000000000000,Red Pigment Canyon LN4232 F55 P1 overview ARG 2018,RPC_LN4232_F55-P1_overview_ARG 2018 photo.jpg,RPC_LN4232_F55-P1_overview_ARG 2018 photo_thumb.jpg,2018,Architectural Resource Group
b0b0b0b0-0000-5501-0010-000000000000,Red Pigment Canyon LN4232 F55 P1 overview ASM 2014,RPC_LN4232_F55-P1_overview_ASM 2014 photo.jpg,RPC_LN4232_F55-P1_overview_ASM 2014 photo_thumb.jpg,2014,ASM Associates
b0b0b0b0-0000-5501-0011-000000000000,Red Pigment Canyon LN4232 F55 P1 overview facing W NRAF 2011,RPC_LN4232_F55-P1_overview_facing W_NRAF 2011 photo.jpg,RPC_LN4232_F55-P1_overview_facing W_NRAF 2011 photo_thumb.jpg,2011,Nevada Rock Art Foundation
b0b0b0b0-0000-5535-0001-000000000000,Red Pigment Canyon LN4232 F55 P1 Panel 35 NRAF 2011,RPC_LN4232_F55-P1_Panel-35_NRAF 2011 drawing.jpg,RPC_LN4232_F55-P1_Panel-35_NRAF 2011 drawing_thumb.jpg,2011,Nevada Rock Art Foundation
b0b0b0b0-0000-0101-0001-000000000000,Red Pigment Canyon LN4232 F1 P1 detail 1 Top ASM 2014,RPC_LN4232_F1-P1_detail-1_Top_ASM 2014 photo.jpg,RPC_LN4232_F1-P1_detail-1_Top_ASM 2014 photo_thumb.jpg,2014,ASM Associates
b0b0b0b0-0000-0101-0002-000000000000,Red Pigment Canyon LN4232 F1 P1 detail 2 Top ASM 2014,RPC_LN4232_F1-P1_detail-2_Top_ASM 2014 photo.jpg,RPC_LN4232_F1-P1_detail-2_Top_ASM 2014 photo_thumb.jpg,2014,ASM Associates
b0b0b0b0-0000-0101-0003-000000000000,Red Pigment Canyon LN4232 F1 P1 detail 3 Bottom ASM 2014,RPC_LN4232_F1-P1_detail-3_Bottom_ASM 2014 photo.jpg,RPC_LN4232_F1-P1_detail-3_Bottom_ASM 2014 photo_thumb.jpg,2014,ASM Associates
b0b0b0b0-0000-0101-0004-000000000000,Red Pigment Canyon LN4232 F1 P1 facing NW ASM 2014,RPC_LN4232_F1-P1_facing NW_ASM 2014 photo.jpg,RPC_LN4232_F1-P1_facing NW_ASM 2014 photo_thumb.jpg,2014,ASM Associates
b0b0b0b0-0000-0102-0001-000000000000,Red Pigment Canyon LN4232 F1 P2 detail 1 ASM 2014,RPC_LN4232_F1-P2_detail-1_ASM 2014 photo.jpg,RPC_LN4232_F1-P2_detail-1_ASM 2014 photo_thumb.jpg,2014,ASM Associates
b0b0b0b0-0000-0102-0002-000000000000,Red Pigment Canyon LN4232 F1 P2 detail 2 ASM 2014,RPC_LN4232_F1-P2_detail-2_ASM 2014 photo.jpg,RPC_LN4232_F1-P2_detail-2_ASM 2014 photo_thumb.jpg,2014,ASM Associates
b0b0b0b0-0000-0102-0003-000000000000,Red Pigment Canyon LN4232 F1 P2 facing E ASM 2014,RPC_LN4232_F1-P2_facing E_ASM 2014 photo.jpg,RPC_LN4232_F1-P2_facing E_ASM 2014 photo_thumb.jpg,2014,ASM Associates
b0b0b0b0-0000-1912-0001-000000000000,Red Pigment Canyon LN4232 F19 P1&2 Overview facing SE ASM 2014,RPC_LN4232_F19-P1&2_Overview facing SE_ASM 2014 photo.jpg,RPC_LN4232_F19-P1&2_Overview facing SE_ASM 2014 photo_thumb.jpg,2014,ASM Associates
b0b0b0b0-0000-1912-0002-000000000000,Red Pigment Canyon LN4232 F19 P1&2 Overview facing S ASM 2014,RPC_LN4232_F19-P1&2_Overview facing S_ASM 2014 photo.jpg,RPC_LN4232_F19-P1&2_Overview facing S_ASM 2014 photo_thumb.jpg,2014,ASM Associates
b0b0b0b0-0000-1901-0001-000000000000,Red Pigment Canyon LN4232 F19 P1 Detail 1 ASM 2014,RPC_LN4232_F19-P1_Detail-1_ASM 2014 photo 01.jpg,RPC_LN4232_F19-P1_Detail-1_ASM 2014 photo 01_thumb.jpg,2014,ASM Associates
b0b0b0b0-0000-1901-0002-000000000000,Red Pigment Canyon LN4232 F19 P1 Detail 2 ASM 2014,RPC_LN4232_F19-P1_Detail-2_ASM 2014 photo.jpg,RPC_LN4232_F19-P1_Detail-2_ASM 2014 photo_thumb.jpg,2014,ASM Associates
b0b0b0b0-0000-1901-0003-000000000000,Red Pigment Canyon LN4232 F19 P1 Detail 3 ASM 2014,RPC_LN4232_F19-P1_Detail-3_ASM 2014 photo.jpg,RPC_LN4232_F19-P1_Detail-3_ASM 2014 photo_thumb.jpg,2014,ASM Associates
b0b0b0b0-0000-1902-0001-000000000000,Red Pigment Canyon LN4232 F19 P2 Detail 1 ASM 2014,RPC_LN4232_F19-P2_Detail-1_ASM 2014 photo.jpg,RPC_LN4232_F19-P2_Detail-1_ASM 2014 photo_thumb.jpg,2014,ASM Associates
b0b0b0b0-0000-1912-0003-000000000000,Red Pigment Canyon LN4232 site overview F19 P1&2 on right ASM 2014,RPC_LN4232_site overview_F19-P1&2 on right_ASM 2014 photo.jpg,RPC_LN4232_site overview_F19-P1&2 on right_ASM 2014 photo_thumb.jpg,2014,ASM Associates
c0c0c0c0-0000-0000-0001-000000000000,Crescent City Cabin E and N elevs view SW,CC_Cabin_E and N elevs view SW_ARG 2018.jpg,CC_Cabin_E and N elevs view SW_ARG 2018_thumb.jpg,2018,Architectural Resource Group
c0c0c0c0-0000-0000-0002-000000000000,Crescent City Cabin E elev view W,CC_Cabin_E elev view W_ARG 2018.jpg,CC_Cabin_E elev view W_ARG 2018_thumb.jpg,2018,Architectural Resource Group
c0c0c0c0-0000-0000-0003-000000000000,Crescent City Cabin Gabled roof at E elev view W,CC_Cabin_Gabled roof at E elev view W_ARG 2018.jpg,CC_Cabin_Gabled roof at E elev view W_ARG 2018_thumb.jpg,2018,Architectural Resource Group
c0c0c0c0-0000-0000-0004-000000000000,Crescent City Cabin interior fireplace N wall view NW,CC_Cabin_interior fireplace N wall view NW_ARG 2018.jpg,CC_Cabin_interior fireplace N wall view NW_ARG 2018_thumb.jpg,2018,Architectural Resource Group
c0c0c0c0-0000-0000-0005-000000000000,Crescent City Cabin interior SW corner view N,CC_Cabin_interior SW corner view N_ARG 2018.jpg,CC_Cabin_interior SW corner view N_ARG 2018_thumb.jpg,2018,Architectural Resource Group
c0c0c0c0-0000-0000-0006-000000000000,Crescent City Cabin interior view N,CC_Cabin_interior view N_ARG 2018.jpg,CC_Cabin_interior view N_ARG 2018_thumb.jpg,2018,Architectural Resource Group
c0c0c0c0-0000-0000-0007-000000000000,Crescent City Cabin view NW,CC_Cabin_view NW_ARG 2018.jpg,CC_Cabin_view NW_ARG 2018_thumb.jpg,2018,Architectural Resource Group
c0c0c0c0-0000-0000-0008-000000000000,Crescent City Chimney Flue downslope view SE,CC_Chimney_Flue downslope view SE_ARG 2018.jpg,CC_Chimney_Flue downslope view SE_ARG 2018_thumb.jpg,2018,Architectural Resource Group
c0c0c0c0-0000-0000-0009-000000000000,Crescent City Chimney stone furnace base view N,CC_Chimney_stone furnace base view N_ARG 2018.jpg,CC_Chimney_stone furnace base view N_ARG 2018_thumb.jpg,2018,Architectural Resource Group
c0c0c0c0-0000-0000-0010-000000000000,Crescent City Cabin Main W part of S elev view N,CC_Cabin_Main W part of S elev view N_ARG 2018.jpg,CC_Cabin_Main W part of S elev view N_ARG 2018_thumb.jpg,2018,Architectural Resource Group
c0c0c0c0-0000-0000-0011-000000000000,Crescent City Cabin N and W elevs view SE,CC_Cabin_N and W elevs view SE_ARG 2018.jpg,CC_Cabin_N and W elevs view SE_ARG 2018_thumb.jpg,2018,Architectural Resource Group
c0c0c0c0-0000-0000-0012-000000000000,Crescent City Cabin N elev view S,CC_Cabin_N elev view S_ARG 2018.jpg,CC_Cabin_N elev view S_ARG 2018_thumb.jpg,2018,Architectural Resource Group
c0c0c0c0-0000-0000-0013-000000000000,Crescent City Cabin S and E elevs view NW,CC_Cabin_S and E elevs_view NW_ARG 2018.jpg,CC_Cabin_S and E elevs_view NW_ARG 2018_thumb.jpg,2018,Architectural Resource Group
c0c0c0c0-0000-0000-0014-000000000000,Crescent City Cabin typical masonry W elev view NE,CC_Cabin_typical masonry W elev view NE_ARG 2018.jpg,CC_Cabin_typical masonry W elev view NE_ARG 2018_thumb.jpg,2018,Architectural Resource Group
c0c0c0c0-0000-0000-0015-000000000000,Crescent City Cabin W and S elevs view NE,CC_Cabin_W and S elevs view NE_ARG 2018.jpg,CC_Cabin_W and S elevs view NE_ARG 2018_thumb.jpg,2018,Architectural Resource Group
c0c0c0c0-0000-0000-0016-000000000000,Crescent City Cabin W elev view E,CC_Cabin_W elev view E_ARG 2018.jpg,CC_Cabin_W elev view E_ARG 2018_thumb.jpg,2018,Architectural Resource Group
c0c0c0c0-0000-0000-0017-000000000000,Crescent City Cabin window opening W elev view NE,CC_Cabin_window opening W elev view NE_ARG 2018.jpg,CC_Cabin_window opening W elev view NE_ARG 2018_thumb.jpg,2018,Architectural Resource Group
c0c0c0c0-0000-0000-0018-000000000000,Crescent City Chimney Arched opening N elev view SW,CC_Chimney_Arched opening N elev view SW_ARG 2018.jpg,CC_Chimney_Arched opening N elev view SW_ARG 2018_thumb.jpg,2018,Architectural Resource Group
c0c0c0c0-0000-0000-0019-000000000000,Crescent City Chimney Decorative cap view NW,CC_Chimney_Decorative cap view NW_ARG 2018.jpg,CC_Chimney_Decorative cap view NW_ARG 2018_thumb.jpg,2018,Architectural Resource Group
c0c0c0c0-0000-0000-0020-000000000000,Crescent City Chimney N and E elevs view SW,CC_Chimney_N and E elevs view SW_ARG 2018.jpg,CC_Chimney_N and E elevs view SW_ARG 2018_thumb.jpg,2018,Architectural Resource Group
c0c0c0c0-0000-0000-0021-000000000000,Crescent City Chimney N elev view S,CC_Chimney_N elev view S_ARG 2018.jpg,CC_Chimney_N elev view S_ARG 2018_thumb.jpg,2018,Architectural Resource Group
c0c0c0c0-0000-0000-0022-000000000000,Crescent City Chimney S and E elevs view NW,CC_Chimney_S and E elevs view NW_ARG 2018.jpg,CC_Chimney_S and E elevs view NW_ARG 2018_thumb.jpg,2018,Architectural Resource Group
c0c0c0c0-0000-0000-0023-000000000000,Crescent City Chimney S and W elevs view NE,CC_Chimney_S and W elevs view NE_ARG 2018.jpg,CC_Chimney_S and W elevs view NE_ARG 2018_thumb.jpg,2018,Architectural Resource Group
c0c0c0c0-0000-0000-0024-000000000000,Crescent City Chimney S elev view N,CC_Chimney_S elev view N_ARG 2018.jpg,CC_Chimney_S elev view N_ARG 2018_thumb.jpg,2018,Architectural Resource Group
c0c0c0c0-0000-0000-0025-000000000000,Crescent City Chimney view S from downslope,CC_Chimney_view S from downslope_ARG 2018.jpg,CC_Chimney_view S from downslope_ARG 2018_thumb.jpg,2018,Architectural Resource Group
c0c0c0c0-0000-0000-0026-000000000000,Crescent City Chimney view SW showing mill pad remnants to N,CC_Chimney_view SW showing mill pad remnants to N_ARG 2018.jpg,CC_Chimney_view SW showing mill pad remnants to N_ARG 2018_thumb.jpg,2018,Architectural Resource Group
c0c0c0c0-0000-0000-0027-000000000000,Crescent City Chimney view S,CC_Chimney_view S_ARG 2018.jpg,CC_Chimney_view S_ARG 2018_thumb.jpg,2018,Architectural Resource Group
c0c0c0c0-0000-0000-0028-000000000000,Crescent City Chimney W elev view E,CC_Chimney_W elev view E_ARG 2018.jpg,CC_Chimney_W elev view E_ARG 2018_thumb.jpg,2018,Architectural Resource Group
